company_id,company_name,trustscore,total_reviews,domain,rating_class,star_5,star_4,star_3,star_2,star_1
110,Evergreen Credit Union,4.9,222,ATM·Credit Union·Financial Institution, Excellent,97%,2%,<1%,<1%,<1%
111,Liberty First Credit Union,4.8,198,Car Finance and Loan Company·Credit Union·ATM·Financial Institution·Mortgage Lender, Excellent,92%,4%,2%,1%,1%
113,Swadesh,4.3,9,ATM·Bank·Financial Institution·Money Transfer Service, Excellent,100%,0%,0%,0%,0%
114,Heritage Valley Federal Credit Union,4.1,11,ATM·Bank·Federal Credit Union·Financial Institution·Mortgage Lender·Credit Union, Great,82%,0%,9%,9%,0%
115,The Payment HQ,3.8,2,Business to Business Service·Payment Service·Finance Broker·Payroll Service·ATM, Great,100%,0%,0%,0%,0%
116,ASDFTEST,3.7,1,ATM, Average,100%,0%,0%,0%,0%
117,Kryptominerstech,3.7,1,Money Order Service·Business Center·Gold Mining Company·ATM·Cryptocurrency Service·Money Transfer Service, Average,100%,0%,0%,0%,0%
118,WPC Merchant Services & Credit Card Processing,3.7,1,ATM·Business to Business Service, Average,100%,0%,0%,0%,0%
119,Meriwest Credit Union,3.5,8,Credit Counseling Service·Car Finance and Loan Company·Investment Service·ATM·Debt Relief Service·Credit Union·Financial Institution·Mortgage Lender, Average,62%,13%,0%,0%,25%
1111,NorthOne,3.1,124,Bank·Bookkeeping Service·Financial Institution·ATM·Non-Bank Financial Service·Money Transfer Service, Average,42%,7%,2%,3%,46%
1112,cryptobaseatm.com,3.0,4,Cryptocurrency Service·ATM, Average,50%,0%,0%,0%,50%
1113,Coinhub Bitcoin ATM,2.9,2,Cryptocurrency Service·ATM·Currency Exchange Service, Average,0%,0%,0%,0%,100%
1114,Cash Express,2.8,12,Check Cashing Service·ATM·Alternative Financial Service·Loan Agency·Non-Bank Financial Service, Average,25%,17%,8%,8%,42%
1115,Asic Miners Rig,2.3,6,Money Order Service·Money Transfer Service·ATM·Cryptocurrency Service·Business Center·Mining Company, Poor,0%,0%,0%,0%,100%
1116,Asicminertech,2.2,28,Coin Dealer·Cryptocurrency Service·ATM·Mining Company·Wholesaler·Produce Wholesaler, Poor,14%,7%,0%,4%,75%
1117,Coin Cloud,1.9,103,ATM·Cryptocurrency Service·Non-Bank Financial Service, Poor,14%,4%,6%,8%,68%
1118,PNC Bank,1.3,842,ATM·Bank, Bad,5%,1%,2%,4%,88%
